IP Address,Login Source,Login Date & Time
204.86.117.1,Web,"Mar 22, 2019, 7:34:21 PM"
204.86.117.1,Web,"May 30, 2019, 1:54:56 PM"
204.86.117.1,Web,"May 31, 2019, 3:57:34 PM"
204.86.117.1,Web,"May 31, 2019, 3:57:37 PM"
204.86.117.1,Web,"Jun 6, 2019, 9:06:12 PM"
204.86.117.1,Web,"Jun 6, 2019, 2:23:02 PM"
204.86.117.1,Web,"Jun 5, 2019, 12:51:28 PM"
204.86.117.1,Web,"Mar 29, 2019, 3:17:12 PM"
204.86.117.1,Web,"Apr 9, 2019, 2:21:31 PM"
204.86.117.1,Web,"Jun 4, 2019, 12:01:50 PM"
204.86.117.1,Web,"Jun 4, 2019, 12:01:52 PM"
204.86.117.1,Web,"Mar 26, 2019, 5:57:27 PM"
204.86.117.1,Web,"Mar 26, 2019, 5:57:24 PM"
204.86.117.1,Web,"Jun 11, 2019, 12:25:03 PM"
204.86.117.1,Web,"May 6, 2019, 1:56:20 PM"
73.229.98.114,Mobile,"Mar 19, 2019, 3:46:11 AM"
204.86.117.1,Web,"Apr 5, 2019, 4:48:23 PM"
73.229.98.114,Web,"May 29, 2019, 9:41:12 PM"
73.229.98.114,Web,"Jun 11, 2019, 12:24:42 AM"
73.229.98.114,Web,"May 29, 2019, 9:41:16 PM"
204.86.117.1,Web,"Mar 29, 2019, 3:17:15 PM"
204.86.117.1,Web,"May 6, 2019, 1:56:22 PM"
204.86.117.1,Web,"May 30, 2019, 1:54:53 PM"
204.86.117.1,Web,"Mar 22, 2019, 7:34:24 PM"
204.86.117.1,Web,"Apr 9, 2019, 2:21:29 PM"
204.86.117.1,Web,"Apr 5, 2019, 4:48:20 PM"
204.86.117.1,Web,"Jun 12, 2019, 12:48:22 PM"
204.86.117.1,Web,"Jun 13, 2019, 12:49:02 PM"
204.86.117.1,Web,"Jun 14, 2019, 12:41:32 PM"
204.86.117.1,Web,"Jun 17, 2019, 12:49:33 PM"
204.86.117.1,Web,"Jun 18, 2019, 12:17:58 PM"
204.86.117.1,Web,"Jun 19, 2019, 1:20:30 PM"
204.86.117.1,Web,"Jun 19, 2019, 6:16:31 PM"
204.86.117.1,Web,"Jun 20, 2019, 12:58:50 PM"
204.86.117.1,Web,"Jun 21, 2019, 1:54:38 PM"
204.86.117.1,Web,"Jun 24, 2019, 1:23:58 PM"
204.86.117.1,Web,"Jun 25, 2019, 2:52:57 PM"
204.86.117.1,Web,"Jun 26, 2019, 1:41:43 PM"
204.86.117.1,Web,"Jun 27, 2019, 1:43:07 PM"
204.86.117.1,Web,"Jul 9, 2019, 1:10:41 PM"
204.86.117.1,Web,"Jul 9, 2019, 7:19:18 PM"
204.86.117.1,Web,"Jul 10, 2019, 12:42:01 PM"
204.86.117.1,Web,"Jul 11, 2019, 12:10:50 PM"
204.86.117.1,Web,"Jul 12, 2019, 12:45:30 PM"
204.86.117.1,Web,"Jul 15, 2019, 12:57:07 PM"
204.86.117.1,Web,"Jul 16, 2019, 1:52:36 PM"
204.86.117.1,Web,"Jul 17, 2019, 1:45:39 PM"
204.86.117.1,Web,"Jul 19, 2019, 3:46:57 PM"
204.86.117.1,Web,"Jul 22, 2019, 12:30:42 PM"
204.86.117.1,Web,"Jul 23, 2019, 1:09:24 PM"
204.86.117.1,Web,"Jul 24, 2019, 12:31:31 PM"
204.86.117.1,Web,"Jul 25, 2019, 2:21:05 PM"
204.86.117.1,Web,"Jul 29, 2019, 12:36:53 PM"
204.86.117.1,Web,"Jul 30, 2019, 3:43:22 PM"
204.86.117.1,Web,"Jul 31, 2019, 1:24:25 PM"
204.86.117.1,Web,"Jul 31, 2019, 6:31:04 PM"
204.86.117.1,Web,"Aug 2, 2019, 6:01:58 PM"
204.86.117.1,Web,"Aug 5, 2019, 12:45:58 PM"
204.86.117.1,Web,"Aug 6, 2019, 1:34:09 PM"
204.86.117.1,Web,"Aug 12, 2019, 12:33:32 PM"
204.86.117.1,Web,"Aug 13, 2019, 5:48:49 PM"
204.86.117.1,Web,"Aug 14, 2019, 1:07:04 PM"
204.86.117.1,Web,"Aug 15, 2019, 1:34:50 PM"
204.86.117.1,Web,"Aug 16, 2019, 12:57:11 PM"
204.86.117.1,Web,"Aug 19, 2019, 1:33:27 PM"
204.86.117.1,Web,"Aug 20, 2019, 12:55:35 PM"
204.86.117.1,Web,"Aug 21, 2019, 2:51:06 PM"
204.86.117.1,Web,"Aug 22, 2019, 1:18:27 PM"
204.86.117.1,Web,"Aug 26, 2019, 12:54:28 PM"
204.86.117.1,Web,"Aug 27, 2019, 5:43:54 PM"
204.86.117.1,Web,"Aug 28, 2019, 1:55:07 PM"
204.86.117.1,Web,"Aug 29, 2019, 3:52:34 PM"
204.86.117.1,Web,"Aug 30, 2019, 1:22:41 PM"
204.86.117.1,Web,"Sep 3, 2019, 4:31:33 PM"
204.86.117.1,Web,"Sep 4, 2019, 3:35:15 PM"
204.86.117.1,Web,"Sep 5, 2019, 1:52:15 PM"
204.86.117.1,Web,"Sep 6, 2019, 3:31:43 PM"
204.86.117.1,Web,"Sep 9, 2019, 1:29:52 PM"
204.86.117.1,Web,"Sep 10, 2019, 1:13:12 PM"
204.86.117.1,Web,"Sep 11, 2019, 1:32:01 PM"
204.86.117.1,Web,"Sep 12, 2019, 1:20:42 PM"
204.86.117.1,Web,"Sep 13, 2019, 2:37:43 PM"
204.86.117.1,Web,"Sep 16, 2019, 2:11:45 PM"
204.86.117.1,Web,"Sep 16, 2019, 10:29:48 PM"
204.86.117.1,Web,"Sep 17, 2019, 12:42:58 PM"
204.86.117.1,Web,"Sep 18, 2019, 1:35:53 PM"
204.86.117.1,Web,"Sep 19, 2019, 1:54:45 PM"
204.86.117.1,Web,"Sep 23, 2019, 12:37:21 PM"
204.86.117.1,Web,"Sep 25, 2019, 12:50:24 PM"
204.86.117.1,Web,"Sep 26, 2019, 1:31:08 PM"
204.86.117.1,Web,"Sep 30, 2019, 1:25:58 PM"
204.86.117.1,Web,"Oct 1, 2019, 12:54:58 PM"
204.86.117.1,Web,"Oct 2, 2019, 1:15:08 PM"
204.86.117.1,Web,"Oct 3, 2019, 1:45:03 PM"
204.86.117.1,Web,"Oct 4, 2019, 12:58:40 PM"
73.229.98.114,Web,"Oct 5, 2019, 11:38:41 PM"
204.86.117.1,Web,"Oct 7, 2019, 12:43:10 PM"
204.86.117.1,Web,"Oct 8, 2019, 12:54:23 PM"
204.86.117.1,Web,"Oct 9, 2019, 1:00:50 PM"
204.86.117.1,Web,"Oct 10, 2019, 1:21:00 PM"
204.86.117.1,Web,"Oct 14, 2019, 12:44:10 PM"
204.86.117.1,Web,"Oct 14, 2019, 8:46:48 PM"
204.86.117.1,Web,"Oct 16, 2019, 12:36:02 PM"
204.86.117.1,Web,"Oct 17, 2019, 1:35:31 PM"
204.86.117.1,Web,"Oct 18, 2019, 1:22:10 PM"
204.86.117.1,Web,"Oct 21, 2019, 12:08:19 PM"
204.86.117.1,Web,"Oct 22, 2019, 12:29:21 PM"
204.86.117.1,Web,"Oct 23, 2019, 12:20:32 PM"
204.86.117.1,Web,"Oct 28, 2019, 3:41:26 PM"
204.86.117.1,Web,"Oct 29, 2019, 12:48:01 PM"
204.86.117.1,Web,"Oct 30, 2019, 1:58:34 PM"
204.86.117.1,Web,"Oct 31, 2019, 1:48:32 PM"
204.86.117.1,Web,"Nov 1, 2019, 3:09:03 PM"
204.86.117.1,Web,"Nov 7, 2019, 1:19:07 PM"
204.86.117.1,Web,"Nov 8, 2019, 1:41:40 PM"
204.86.117.1,Web,"Nov 11, 2019, 1:12:13 PM"
204.86.117.1,Web,"Nov 12, 2019, 1:38:52 PM"
204.86.117.1,Web,"Nov 14, 2019, 1:31:58 PM"
204.86.117.1,Web,"Nov 15, 2019, 1:58:31 PM"
204.86.117.1,Web,"Nov 18, 2019, 1:41:17 PM"
204.86.117.1,Web,"Nov 19, 2019, 1:54:51 PM"
204.86.117.1,Web,"Nov 20, 2019, 1:15:25 PM"
204.86.117.1,Web,"Nov 21, 2019, 1:50:51 PM"
204.86.117.1,Web,"Nov 22, 2019, 7:19:31 PM"
204.86.117.1,Web,"Nov 25, 2019, 1:58:52 PM"
204.86.117.1,Web,"Nov 26, 2019, 2:27:10 PM"
204.86.117.1,Web,"Nov 27, 2019, 2:30:58 PM"
204.86.117.1,Web,"Dec 2, 2019, 4:03:32 PM"
204.86.117.1,Web,"Dec 3, 2019, 2:43:19 PM"
204.86.117.1,Web,"Dec 4, 2019, 1:54:14 PM"
204.86.117.1,Web,"Dec 5, 2019, 1:54:29 PM"
204.86.117.1,Web,"Dec 6, 2019, 1:44:15 PM"
73.229.98.114,Web,"Dec 6, 2019, 8:43:17 PM"
204.86.117.1,Web,"Dec 9, 2019, 1:48:58 PM"
204.86.117.1,Web,"Dec 10, 2019, 2:03:29 PM"
204.86.117.1,Web,"Dec 11, 2019, 2:32:20 PM"
204.86.117.1,Web,"Dec 12, 2019, 1:48:37 PM"
204.86.117.1,Web,"Dec 16, 2019, 3:41:08 PM"
204.86.117.1,Web,"Dec 16, 2019, 10:08:45 PM"
204.86.117.1,Web,"Dec 17, 2019, 2:28:59 PM"
204.86.117.1,Web,"Dec 18, 2019, 1:53:38 PM"
204.86.117.1,Web,"Dec 19, 2019, 2:37:54 PM"
204.86.117.1,Web,"Dec 20, 2019, 2:04:20 PM"
204.86.117.1,Web,"Dec 30, 2019, 1:34:46 PM"
204.86.117.1,Web,"Dec 31, 2019, 1:51:09 PM"
204.86.117.1,Web,"Jan 2, 2020, 1:36:11 PM"
204.86.117.1,Web,"Jan 3, 2020, 1:43:31 PM"
204.86.117.1,Web,"Jan 6, 2020, 1:22:54 PM"
204.86.117.1,Web,"Jan 6, 2020, 4:32:21 PM"
204.86.117.1,Web,"Jan 7, 2020, 1:12:25 PM"
204.86.117.1,Web,"Jan 8, 2020, 1:55:05 PM"
204.86.117.1,Web,"Jan 9, 2020, 1:51:44 PM"
204.86.117.1,Web,"Jan 9, 2020, 9:01:04 PM"
204.86.117.1,Web,"Jan 10, 2020, 1:40:38 PM"
204.86.117.1,Web,"Jan 13, 2020, 1:36:36 PM"
204.86.117.1,Web,"Jan 14, 2020, 1:47:27 PM"
204.86.117.1,Web,"Jan 15, 2020, 1:39:26 PM"
204.86.117.1,Web,"Jan 16, 2020, 2:20:00 PM"
204.86.117.1,Web,"Jan 17, 2020, 1:42:57 PM"
73.229.98.114,Web,"Jan 19, 2020, 4:04:43 PM"
204.86.117.1,Web,"Jan 20, 2020, 1:48:43 PM"
204.86.117.1,Web,"Jan 21, 2020, 1:47:57 PM"
204.86.117.1,Web,"Jan 22, 2020, 1:40:44 PM"
204.86.117.1,Web,"Jan 23, 2020, 1:24:46 PM"
204.86.117.1,Web,"Jan 24, 2020, 1:47:51 PM"
204.86.117.1,Web,"Jan 27, 2020, 3:02:49 PM"
73.229.98.114,Web,"Jan 28, 2020, 3:17:59 AM"
204.86.117.1,Web,"Jan 28, 2020, 1:46:22 PM"
204.86.117.1,Web,"Jan 29, 2020, 1:47:07 PM"
204.86.117.1,Web,"Jan 30, 2020, 1:11:09 PM"
204.86.117.1,Web,"Feb 3, 2020, 2:10:46 PM"
73.229.98.114,Web,"Feb 3, 2020, 10:25:50 PM"
204.86.117.1,Web,"Feb 4, 2020, 2:09:59 PM"
204.86.117.1,Web,"Feb 5, 2020, 1:55:04 PM"
204.86.117.1,Web,"Feb 6, 2020, 1:42:35 PM"
204.86.117.1,Web,"Feb 7, 2020, 1:47:09 PM"
2601:285:8300:835:b9f9:84d4:93dc:60a5,Web,"Feb 8, 2020, 5:21:48 AM"
204.86.117.1,Web,"Feb 10, 2020, 12:56:59 PM"
204.86.117.1,Web,"Feb 11, 2020, 1:46:11 PM"
204.86.117.1,Web,"Feb 12, 2020, 1:47:23 PM"
73.229.98.114,Web,"Feb 13, 2020, 2:49:14 AM"
204.86.117.1,Web,"Feb 13, 2020, 2:32:08 PM"
204.86.117.1,Web,"Feb 14, 2020, 1:48:57 PM"
204.86.117.1,Web,"Feb 17, 2020, 1:34:09 PM"
204.86.117.1,Web,"Feb 18, 2020, 1:41:41 PM"
204.86.117.1,Web,"Feb 19, 2020, 1:32:41 PM"
204.86.117.1,Web,"Feb 20, 2020, 1:30:00 PM"
204.86.117.1,Web,"Feb 21, 2020, 1:56:47 PM"
204.86.117.1,Web,"Feb 24, 2020, 1:31:45 PM"
204.86.117.1,Web,"Feb 25, 2020, 1:41:16 PM"
204.86.117.1,Web,"Feb 26, 2020, 1:58:32 PM"
204.86.117.1,Web,"Feb 26, 2020, 9:31:53 PM"
204.86.117.1,Web,"Feb 27, 2020, 1:41:34 PM"
204.86.117.1,Web,"Feb 27, 2020, 4:39:50 PM"
204.86.117.1,Web,"Feb 28, 2020, 1:46:08 PM"
204.86.117.1,Web,"Mar 2, 2020, 1:47:52 PM"
204.86.117.1,Web,"Mar 3, 2020, 1:27:52 PM"
204.86.117.1,Web,"Mar 4, 2020, 1:21:26 PM"
204.86.117.1,Web,"Mar 5, 2020, 2:04:35 PM"
204.86.117.1,Web,"Mar 6, 2020, 1:46:51 PM"
204.86.117.1,Web,"Mar 9, 2020, 12:44:14 PM"
204.86.117.1,Web,"Mar 9, 2020, 4:35:17 PM"
204.86.117.1,Web,"Mar 10, 2020, 12:36:25 PM"
204.86.117.1,Web,"Mar 11, 2020, 12:28:59 PM"
12.231.151.100,Web,"Mar 12, 2020, 12:40:56 PM"
204.86.117.1,Web,"Mar 13, 2020, 12:48:07 PM"
204.86.117.1,Web,"Mar 16, 2020, 2:20:38 PM"
204.86.117.1,Web,"Mar 16, 2020, 9:59:14 PM"
204.86.117.1,Web,"Mar 17, 2020, 1:20:36 PM"
204.86.117.1,Web,"Mar 18, 2020, 2:10:46 AM"
204.86.117.1,Web,"Mar 18, 2020, 12:50:56 PM"
204.86.117.1,Web,"Mar 18, 2020, 5:46:27 PM"
204.86.117.1,Web,"Mar 19, 2020, 2:01:25 PM"
204.86.117.1,Web,"Mar 20, 2020, 1:00:18 PM"
204.86.117.1,Web,"Mar 23, 2020, 2:49:33 PM"
204.86.117.1,Web,"Mar 24, 2020, 12:57:06 PM"
204.86.117.1,Web,"Mar 25, 2020, 12:51:04 PM"
204.86.117.1,Web,"Mar 25, 2020, 3:03:34 PM"
204.86.117.1,Web,"Mar 26, 2020, 1:05:00 PM"
204.86.117.1,Web,"Mar 27, 2020, 12:57:16 PM"
204.86.117.1,Web,"Mar 30, 2020, 1:02:43 PM"
204.86.117.1,Web,"Mar 31, 2020, 12:45:36 PM"
204.86.117.1,Web,"Mar 31, 2020, 7:54:50 PM"
204.86.117.1,Web,"Apr 1, 2020, 12:28:28 PM"
204.86.117.1,Web,"Apr 1, 2020, 4:08:57 PM"
204.86.117.1,Web,"Apr 1, 2020, 6:26:25 PM"
204.86.117.1,Web,"Apr 2, 2020, 1:14:30 PM"
204.86.117.1,Web,"Apr 2, 2020, 8:13:21 PM"
204.86.117.1,Web,"Apr 3, 2020, 1:23:21 PM"
204.86.117.1,Web,"Apr 6, 2020, 1:10:00 PM"
204.86.117.1,Web,"Apr 7, 2020, 1:01:12 PM"
204.86.117.1,Web,"Apr 7, 2020, 2:45:08 PM"
204.86.117.1,Web,"Apr 8, 2020, 1:19:58 PM"
204.86.117.1,Web,"Apr 9, 2020, 12:51:15 PM"
204.86.117.1,Web,"Apr 10, 2020, 1:41:11 PM"
204.86.117.1,Web,"Apr 13, 2020, 1:05:26 PM"
204.86.117.1,Web,"Apr 14, 2020, 1:12:00 PM"
204.86.117.1,Web,"Apr 14, 2020, 4:01:23 PM"
204.86.117.1,Web,"Apr 14, 2020, 6:40:21 PM"
204.86.117.1,Web,"Apr 15, 2020, 1:04:29 PM"
204.86.117.1,Web,"Apr 16, 2020, 2:52:34 PM"
204.86.117.1,Web,"Apr 17, 2020, 4:04:26 PM"
204.86.117.1,Web,"Apr 20, 2020, 1:04:59 PM"
204.86.117.1,Web,"Apr 21, 2020, 1:08:20 PM"
204.86.117.1,Web,"Apr 22, 2020, 1:01:56 PM"
204.86.117.1,Web,"Apr 22, 2020, 6:24:56 PM"
204.86.117.1,Web,"Apr 23, 2020, 1:14:02 PM"
204.86.117.1,Web,"Apr 23, 2020, 9:40:30 PM"
204.86.117.1,Web,"Apr 24, 2020, 1:00:23 PM"
204.86.117.1,Web,"Apr 24, 2020, 7:57:53 PM"
204.86.117.1,Web,"Apr 27, 2020, 1:19:33 PM"
204.86.117.1,Web,"Apr 28, 2020, 1:09:48 PM"
204.86.117.1,Web,"Apr 28, 2020, 1:34:30 PM"
204.86.117.1,Web,"Apr 28, 2020, 5:40:12 PM"
204.86.117.1,Web,"Apr 29, 2020, 1:15:52 PM"
204.86.117.1,Web,"Apr 30, 2020, 12:54:49 PM"
204.86.117.1,Web,"Apr 30, 2020, 9:29:58 PM"
204.86.117.1,Web,"May 1, 2020, 1:27:36 PM"
204.86.117.1,Web,"May 4, 2020, 1:12:58 PM"
204.86.117.1,Web,"May 4, 2020, 10:57:28 PM"
204.86.117.1,Web,"May 5, 2020, 1:04:51 PM"
204.86.117.1,Web,"May 6, 2020, 1:12:51 PM"
204.86.117.1,Web,"May 6, 2020, 8:53:28 PM"
204.86.117.1,Web,"May 7, 2020, 1:37:44 PM"
204.86.117.1,Web,"May 8, 2020, 12:01:27 AM"
204.86.117.1,Web,"May 8, 2020, 1:21:20 PM"
204.86.117.1,Web,"May 11, 2020, 1:13:55 PM"
204.86.117.1,Web,"May 11, 2020, 5:16:25 PM"
204.86.117.1,Web,"May 12, 2020, 1:02:06 PM"
204.86.117.1,Web,"May 13, 2020, 1:08:29 PM"
204.86.117.1,Web,"May 13, 2020, 10:09:52 PM"
204.86.117.1,Web,"May 14, 2020, 1:06:38 PM"
204.86.117.1,Web,"May 15, 2020, 1:15:48 PM"
204.86.117.1,Web,"May 15, 2020, 8:15:28 PM"
204.86.117.1,Web,"May 18, 2020, 1:05:57 PM"
204.86.117.1,Web,"May 19, 2020, 1:38:32 PM"
204.86.117.1,Web,"May 20, 2020, 1:20:19 PM"
204.86.117.1,Web,"May 20, 2020, 9:41:53 PM"
204.86.117.1,Web,"May 21, 2020, 1:07:07 PM"
204.86.117.1,Web,"May 22, 2020, 1:29:45 PM"
204.86.117.1,Web,"May 22, 2020, 6:11:26 PM"
204.86.117.1,Web,"May 26, 2020, 1:08:28 PM"
204.86.117.1,Web,"May 26, 2020, 2:52:31 PM"
204.86.117.1,Web,"May 27, 2020, 1:10:11 PM"
204.86.117.1,Web,"May 27, 2020, 9:02:57 PM"
204.86.117.1,Web,"May 28, 2020, 1:06:20 PM"
204.86.117.1,Web,"May 28, 2020, 6:42:29 PM"
204.86.117.1,Web,"May 29, 2020, 1:08:56 PM"
192.82.42.1,Web,"Jun 1, 2020, 1:21:44 PM"
192.82.42.1,Web,"Jun 1, 2020, 5:10:17 PM"
192.82.42.1,Web,"Jun 1, 2020, 8:41:28 PM"
192.82.42.1,Web,"Jun 2, 2020, 12:51:42 PM"
192.82.42.1,Web,"Jun 3, 2020, 1:02:11 PM"
192.82.42.1,Web,"Jun 4, 2020, 1:14:51 PM"
192.82.42.1,Web,"Jun 5, 2020, 1:00:05 PM"
192.82.42.1,Web,"Jun 5, 2020, 3:21:52 PM"
192.82.42.1,Web,"Jun 8, 2020, 1:10:48 PM"
192.82.42.1,Web,"Jun 9, 2020, 1:13:09 PM"
192.82.42.1,Web,"Jun 10, 2020, 1:08:39 PM"
192.82.42.1,Web,"Jun 11, 2020, 1:05:49 PM"
192.82.42.1,Web,"Jun 12, 2020, 1:32:33 PM"
192.82.42.1,Web,"Jun 15, 2020, 1:16:40 PM"
192.82.42.1,Web,"Jun 16, 2020, 12:59:35 PM"
192.82.42.1,Web,"Jun 17, 2020, 1:21:21 PM"
192.82.42.1,Web,"Jun 17, 2020, 9:30:01 PM"
192.82.42.1,Web,"Jun 18, 2020, 1:16:52 PM"
192.82.42.1,Web,"Jun 19, 2020, 12:57:57 PM"
192.82.42.1,Web,"Jun 22, 2020, 12:38:27 PM"
192.82.42.1,Web,"Jun 22, 2020, 8:38:05 PM"
192.82.42.1,Web,"Jun 23, 2020, 1:01:52 PM"
192.82.42.1,Web,"Jun 24, 2020, 12:32:40 PM"
192.82.42.1,Web,"Jun 24, 2020, 10:02:09 PM"
192.82.42.1,Web,"Jun 25, 2020, 1:25:06 PM"
192.82.42.1,Web,"Jun 26, 2020, 1:01:38 PM"
192.82.42.1,Web,"Jun 29, 2020, 12:27:52 PM"
192.82.42.1,Web,"Jun 30, 2020, 12:46:40 PM"
192.82.42.1,Web,"Jul 1, 2020, 1:10:16 PM"
192.82.42.1,Web,"Jul 2, 2020, 1:09:48 PM"
192.82.42.1,Web,"Jul 6, 2020, 12:49:39 PM"
192.82.42.1,Web,"Jul 7, 2020, 12:54:13 PM"
192.82.42.1,Web,"Jul 8, 2020, 3:14:18 PM"
192.82.42.1,Web,"Jul 9, 2020, 1:00:49 PM"
192.82.42.1,Web,"Jul 10, 2020, 3:03:05 PM"
192.82.42.1,Web,"Jul 13, 2020, 1:49:30 PM"
192.82.42.1,Web,"Jul 14, 2020, 3:00:53 PM"
192.82.42.1,Web,"Jul 14, 2020, 6:15:21 PM"
192.82.42.1,Web,"Jul 15, 2020, 1:27:25 PM"
192.82.42.1,Web,"Jul 16, 2020, 1:03:11 PM"
192.82.42.1,Web,"Jul 17, 2020, 1:11:17 PM"
192.82.42.1,Web,"Jul 20, 2020, 1:05:20 PM"
192.82.42.1,Web,"Jul 21, 2020, 5:41:20 PM"
192.82.42.1,Web,"Jul 22, 2020, 1:03:29 PM"
192.82.42.1,Web,"Jul 22, 2020, 4:35:30 PM"
192.82.42.1,Web,"Jul 23, 2020, 4:55:37 PM"
192.82.42.1,Web,"Jul 23, 2020, 11:03:39 PM"
192.82.42.1,Web,"Jul 24, 2020, 6:43:10 PM"
192.82.42.1,Web,"Jul 27, 2020, 12:54:49 PM"
192.82.42.1,Web,"Jul 28, 2020, 1:05:34 PM"
192.82.42.1,Web,"Jul 29, 2020, 12:56:51 PM"
192.82.42.1,Web,"Jul 30, 2020, 12:56:34 PM"
192.82.42.1,Web,"Jul 31, 2020, 10:41:31 PM"
192.82.42.1,Web,"Aug 6, 2020, 1:08:35 PM"
192.82.42.1,Web,"Aug 10, 2020, 3:33:26 PM"
192.82.42.1,Web,"Aug 11, 2020, 1:03:43 PM"
192.82.42.1,Web,"Aug 12, 2020, 12:58:25 PM"
192.82.42.1,Web,"Aug 13, 2020, 12:48:17 PM"
192.82.42.1,Web,"Aug 14, 2020, 2:05:23 PM"
192.82.42.1,Web,"Aug 17, 2020, 1:00:34 PM"
192.82.42.1,Web,"Aug 18, 2020, 1:00:55 PM"
192.82.42.1,Web,"Aug 18, 2020, 5:42:22 PM"
192.82.42.1,Web,"Aug 19, 2020, 12:14:33 PM"
192.82.42.1,Web,"Aug 20, 2020, 12:38:38 PM"
192.82.42.1,Web,"Aug 21, 2020, 1:31:26 PM"
192.82.42.1,Web,"Aug 24, 2020, 1:21:29 PM"
192.82.42.1,Web,"Aug 25, 2020, 1:00:32 PM"
192.82.42.1,Web,"Aug 26, 2020, 12:18:17 PM"
192.82.42.1,Web,"Aug 27, 2020, 12:41:08 PM"
192.82.42.1,Web,"Aug 28, 2020, 1:14:35 PM"
192.82.42.1,Web,"Aug 31, 2020, 1:10:12 PM"
192.82.42.1,Web,"Sep 1, 2020, 1:28:21 PM"
192.82.42.1,Web,"Sep 2, 2020, 1:19:50 PM"
192.82.42.1,Web,"Sep 3, 2020, 1:28:52 PM"
192.82.42.1,Web,"Sep 4, 2020, 1:30:55 PM"
192.82.42.1,Web,"Sep 8, 2020, 1:01:50 PM"
192.82.42.1,Web,"Sep 9, 2020, 12:57:55 PM"
192.82.42.1,Web,"Sep 10, 2020, 1:00:54 PM"
192.82.42.1,Web,"Sep 10, 2020, 8:35:45 PM"
192.82.42.1,Web,"Sep 11, 2020, 1:03:36 PM"
192.82.42.1,Web,"Sep 21, 2020, 12:41:55 PM"
192.82.42.1,Web,"Sep 22, 2020, 1:53:41 PM"
192.82.42.1,Web,"Sep 23, 2020, 1:10:27 PM"
192.82.42.1,Web,"Sep 24, 2020, 2:39:06 PM"
192.82.42.1,Web,"Sep 25, 2020, 1:23:18 PM"
192.82.42.1,Web,"Sep 28, 2020, 1:28:17 PM"
192.82.42.1,Web,"Sep 28, 2020, 7:25:19 PM"
192.82.42.1,Web,"Sep 29, 2020, 1:05:52 PM"
192.82.42.1,Web,"Sep 30, 2020, 1:41:49 PM"
192.82.42.1,Web,"Oct 1, 2020, 1:23:18 PM"
192.82.42.1,Web,"Oct 2, 2020, 2:36:09 PM"
192.82.42.1,Web,"Oct 5, 2020, 1:18:14 PM"
192.82.42.1,Web,"Oct 5, 2020, 8:21:33 PM"
192.82.42.1,Web,"Oct 6, 2020, 12:50:07 PM"
192.82.42.1,Web,"Oct 7, 2020, 2:06:16 PM"
192.82.42.1,Web,"Oct 8, 2020, 1:18:26 PM"
192.82.42.1,Web,"Oct 9, 2020, 1:11:52 PM"
192.82.42.1,Web,"Oct 9, 2020, 4:21:19 PM"
192.82.42.1,Web,"Oct 12, 2020, 1:07:47 PM"
192.82.42.1,Web,"Oct 12, 2020, 7:53:53 PM"
192.82.42.1,Web,"Oct 13, 2020, 1:20:29 PM"
192.82.42.1,Web,"Oct 13, 2020, 10:35:28 PM"
192.82.42.1,Web,"Oct 14, 2020, 6:31:08 PM"
192.82.42.1,Web,"Oct 15, 2020, 1:50:02 PM"
192.82.42.1,Web,"Oct 16, 2020, 1:29:12 PM"
192.82.42.1,Web,"Oct 19, 2020, 2:24:07 PM"
192.82.42.1,Web,"Oct 19, 2020, 9:17:37 PM"
192.82.42.1,Web,"Oct 20, 2020, 1:25:17 PM"
192.82.42.1,Web,"Oct 21, 2020, 1:24:36 PM"
192.82.42.1,Web,"Oct 21, 2020, 6:42:52 PM"
192.82.42.1,Web,"Oct 22, 2020, 1:45:18 PM"
192.82.42.1,Web,"Oct 23, 2020, 1:24:21 PM"
192.82.42.1,Web,"Oct 26, 2020, 1:07:14 PM"
192.82.42.1,Web,"Oct 26, 2020, 7:29:29 PM"
192.82.42.1,Web,"Oct 27, 2020, 1:11:54 PM"
192.82.42.1,Web,"Oct 28, 2020, 1:32:52 PM"
192.82.42.1,Web,"Oct 29, 2020, 1:17:51 PM"
192.82.42.1,Web,"Oct 30, 2020, 1:58:28 PM"
192.82.42.1,Web,"Nov 2, 2020, 2:02:22 PM"
192.82.42.1,Web,"Nov 2, 2020, 8:48:26 PM"
192.82.42.1,Web,"Nov 3, 2020, 2:31:15 PM"
192.82.42.1,Web,"Nov 4, 2020, 2:37:18 PM"
192.82.42.1,Web,"Nov 5, 2020, 2:05:31 PM"
192.82.42.1,Web,"Nov 9, 2020, 2:37:23 PM"
192.82.42.1,Web,"Nov 9, 2020, 8:34:26 PM"
192.82.42.1,Web,"Nov 10, 2020, 2:29:07 PM"
192.82.42.1,Web,"Nov 10, 2020, 8:08:53 PM"
192.82.42.1,Web,"Nov 11, 2020, 2:46:08 PM"
192.82.42.1,Web,"Nov 11, 2020, 11:41:15 PM"
192.82.42.1,Web,"Nov 12, 2020, 2:36:49 PM"
192.82.42.1,Web,"Nov 13, 2020, 3:10:26 PM"
192.82.42.1,Web,"Nov 13, 2020, 6:50:20 PM"
192.82.42.1,Web,"Nov 16, 2020, 2:48:14 PM"
192.82.42.1,Web,"Nov 17, 2020, 7:54:06 PM"
192.82.42.1,Web,"Nov 18, 2020, 4:44:10 PM"
192.82.42.1,Web,"Nov 19, 2020, 2:08:53 PM"
192.82.42.1,Web,"Nov 23, 2020, 2:18:50 PM"
192.82.42.1,Web,"Nov 30, 2020, 1:48:05 PM"
73.229.98.114,Web,"Jan 5, 2021, 4:45:39 PM"
73.229.98.114,Web,"Feb 1, 2021, 11:14:15 PM"
73.229.98.114,Web,"Feb 2, 2021, 3:52:48 PM"
73.229.98.114,Web,"Feb 6, 2021, 5:51:19 PM"
73.229.98.114,Web,"Feb 6, 2021, 11:49:03 PM"
73.229.98.114,Web,"Feb 7, 2021, 3:12:54 AM"
73.229.98.114,Web,"Feb 7, 2021, 8:19:34 PM"
73.229.98.114,Web,"Feb 8, 2021, 4:51:00 PM"
73.229.98.114,Web,"Feb 11, 2021, 1:34:28 AM"
73.229.98.114,Web,"Feb 11, 2021, 4:29:18 PM"
73.229.98.114,Web,"Feb 12, 2021, 3:00:32 AM"
73.229.98.114,Web,"Feb 13, 2021, 6:35:13 PM"
73.229.98.114,Web,"Feb 15, 2021, 3:41:29 PM"
73.229.98.114,Web,"Feb 23, 2021, 11:53:30 PM"
73.229.98.114,Web,"Mar 1, 2021, 3:03:51 PM"
73.229.98.114,Web,"Mar 2, 2021, 4:01:56 PM"
73.229.98.114,Web,"Mar 3, 2021, 3:15:34 PM"
73.229.98.114,Web,"Mar 22, 2021, 1:51:59 PM"
73.229.98.114,Web,"Mar 23, 2021, 2:37:28 PM"
73.229.98.114,Web,"Mar 23, 2021, 5:12:33 PM"
73.229.98.114,Web,"Mar 24, 2021, 2:19:46 PM"
73.229.98.114,Web,"Apr 5, 2021, 9:12:53 PM"
73.229.98.114,Web,"Apr 17, 2021, 3:17:25 PM"
73.229.98.114,Web,"Apr 19, 2021, 8:06:12 PM"
73.229.98.114,Web,"Apr 20, 2021, 2:16:09 PM"
73.229.98.114,Web,"Apr 21, 2021, 2:57:02 PM"
73.229.98.114,Web,"Apr 22, 2021, 2:43:22 PM"
73.229.98.114,Web,"Apr 23, 2021, 1:51:36 PM"
73.229.98.114,Web,"Apr 26, 2021, 2:17:07 PM"
73.229.98.114,Web,"Apr 26, 2021, 10:04:04 PM"
73.229.98.114,Web,"Apr 27, 2021, 1:44:15 PM"
73.229.98.114,Web,"Apr 28, 2021, 2:14:55 PM"
73.229.98.114,Web,"May 1, 2021, 4:15:32 PM"
73.229.98.114,Web,"May 2, 2021, 5:46:11 PM"
73.229.98.114,Web,"May 2, 2021, 7:22:57 PM"
73.229.98.114,Web,"May 2, 2021, 11:09:05 PM"
73.229.98.114,Web,"May 3, 2021, 12:45:39 AM"
73.229.98.114,Web,"May 4, 2021, 2:31:19 PM"
73.229.98.114,Web,"May 5, 2021, 1:20:49 PM"
73.229.98.114,Web,"May 6, 2021, 12:37:02 AM"
73.229.98.114,Web,"May 7, 2021, 6:01:10 PM"
73.229.98.114,Web,"May 7, 2021, 9:46:25 PM"
73.229.98.114,Web,"May 10, 2021, 2:23:28 PM"
73.229.98.114,Web,"May 10, 2021, 10:21:07 PM"
73.229.98.114,Web,"May 11, 2021, 2:17:19 PM"
73.229.98.114,Web,"May 12, 2021, 9:32:18 PM"
73.229.98.114,Web,"May 13, 2021, 1:10:22 PM"
73.229.98.114,Web,"May 16, 2021, 1:09:56 AM"
73.229.98.114,Web,"May 17, 2021, 12:50:55 AM"
73.229.98.114,Web,"May 17, 2021, 2:17:38 PM"
73.229.98.114,Web,"May 17, 2021, 7:22:05 PM"
73.229.98.114,Web,"May 19, 2021, 7:28:30 PM"
73.229.98.114,Web,"May 24, 2021, 2:23:26 PM"
73.229.98.114,Web,"May 24, 2021, 4:23:39 PM"
73.229.98.114,Web,"May 24, 2021, 9:20:06 PM"
73.229.98.114,Web,"May 24, 2021, 9:52:29 PM"
73.229.98.114,Web,"May 24, 2021, 10:17:44 PM"
73.229.98.114,Web,"May 25, 2021, 1:02:27 AM"
73.229.98.114,Web,"May 25, 2021, 3:01:24 PM"
73.229.98.114,Web,"May 25, 2021, 5:51:25 PM"
96.81.58.190,Web,"May 25, 2021, 10:35:13 PM"
73.229.98.114,Web,"May 26, 2021, 2:33:52 PM"
73.229.98.114,Web,"May 28, 2021, 1:57:34 AM"
73.229.98.114,Web,"May 28, 2021, 3:32:27 AM"
73.229.98.114,Web,"May 28, 2021, 1:44:45 PM"
73.229.98.114,Web,"May 28, 2021, 6:38:54 PM"
73.229.98.114,Web,"Jun 1, 2021, 12:08:50 AM"
96.81.58.190,Web,"Jun 1, 2021, 5:44:38 PM"
73.229.98.114,Web,"Jun 8, 2021, 6:24:30 PM"
73.229.98.114,Web,"Jun 9, 2021, 2:42:33 PM"
73.229.98.114,Web,"Jun 12, 2021, 10:22:18 PM"
73.229.98.114,Web,"Jun 13, 2021, 12:36:19 AM"
73.229.98.114,Web,"Jun 13, 2021, 8:27:16 PM"
73.229.98.114,Web,"Jun 14, 2021, 3:50:02 PM"
73.229.98.114,Web,"Jun 14, 2021, 10:08:26 PM"
73.229.98.114,Web,"Jun 14, 2021, 11:01:50 PM"
73.229.98.114,Web,"Jun 15, 2021, 2:45:18 AM"
73.229.98.114,Web,"Jun 15, 2021, 2:34:48 PM"
73.229.98.114,Web,"Jun 16, 2021, 3:27:43 PM"
73.229.98.114,Web,"Jun 16, 2021, 6:24:30 PM"
73.229.98.114,Web,"Jun 16, 2021, 10:54:42 PM"
73.229.98.114,Web,"Jun 21, 2021, 12:04:51 AM"
73.229.98.114,Web,"Jun 21, 2021, 4:19:26 PM"
73.229.98.114,Web,"Jun 21, 2021, 8:22:06 PM"
73.229.98.114,Web,"Jun 22, 2021, 1:23:23 PM"
73.229.98.114,Web,"Jun 22, 2021, 6:35:10 PM"
73.229.98.114,Web,"Jun 24, 2021, 1:49:21 PM"
73.229.98.114,Web,"Jun 25, 2021, 6:02:43 PM"
73.229.98.114,Web,"Jun 25, 2021, 10:01:40 PM"
73.229.98.114,Web,"Jun 26, 2021, 4:41:21 PM"
73.229.98.114,Web,"Jun 27, 2021, 3:58:27 AM"
73.229.98.114,Web,"Jun 27, 2021, 5:05:43 PM"
73.229.98.114,Web,"Jun 27, 2021, 11:58:09 PM"
73.229.98.114,Web,"Jul 6, 2021, 3:08:00 PM"
73.229.98.114,Web,"Jul 8, 2021, 1:03:18 AM"
73.229.98.114,Web,"Jul 8, 2021, 2:08:01 PM"
73.229.98.114,Web,"Jul 8, 2021, 2:39:23 PM"
73.229.98.114,Web,"Jul 8, 2021, 3:45:40 PM"
73.229.98.114,Web,"Jul 9, 2021, 2:23:57 PM"
73.229.98.114,Web,"Jul 9, 2021, 7:29:36 PM"
73.229.98.114,Web,"Jul 9, 2021, 8:43:25 PM"
73.229.98.114,Web,"Jul 11, 2021, 12:01:17 AM"
73.229.98.114,Web,"Jul 11, 2021, 12:40:44 AM"
73.229.98.114,Web,"Jul 11, 2021, 5:21:17 PM"
73.229.98.114,Web,"Jul 13, 2021, 2:51:22 PM"
73.229.98.114,Web,"Jul 13, 2021, 4:42:07 PM"
73.229.98.114,Web,"Jul 14, 2021, 3:02:17 PM"
73.229.98.114,Web,"Jul 15, 2021, 3:03:30 PM"
73.229.98.114,Web,"Jul 15, 2021, 5:17:41 PM"
73.229.98.114,Web,"Jul 19, 2021, 7:39:15 PM"
73.229.98.114,Web,"Jul 19, 2021, 10:10:20 PM"
73.229.98.114,Web,"Jul 19, 2021, 11:16:07 PM"
2601:285:8300:835:e863:e9bf:6e88:479,Mobile,"Jul 20, 2021, 2:53:08 AM"
73.229.98.114,Web,"Jul 20, 2021, 1:24:12 PM"
73.229.98.114,Web,"Jul 20, 2021, 3:45:54 PM"
73.229.98.114,Web,"Jul 21, 2021, 12:31:29 AM"
73.229.98.114,Web,"Jul 21, 2021, 2:39:36 PM"
73.229.98.114,Web,"Jul 23, 2021, 9:28:11 PM"
73.229.98.114,Web,"Jul 29, 2021, 6:19:56 PM"
73.229.98.114,Web,"Jul 30, 2021, 1:51:50 AM"
73.229.98.114,Web,"Jul 30, 2021, 2:35:57 PM"
73.229.98.114,Web,"Jul 31, 2021, 9:16:04 PM"
73.229.98.114,Web,"Aug 1, 2021, 11:28:32 PM"
73.229.98.114,Web,"Aug 2, 2021, 3:53:15 PM"
73.229.98.114,Web,"Aug 2, 2021, 6:21:19 PM"
73.229.98.114,Web,"Aug 10, 2021, 2:20:51 PM"
73.229.98.114,Web,"Aug 10, 2021, 9:19:02 PM"
73.229.98.114,Web,"Aug 11, 2021, 3:35:19 PM"
73.229.98.114,Web,"Aug 11, 2021, 11:03:20 PM"
73.229.98.114,Web,"Aug 12, 2021, 2:48:56 PM"
73.229.98.114,Web,"Aug 13, 2021, 5:40:30 PM"
73.229.98.114,Web,"Aug 15, 2021, 8:44:07 PM"
73.229.98.114,Web,"Aug 16, 2021, 4:30:07 PM"
73.229.98.114,Web,"Aug 17, 2021, 4:26:05 PM"
73.229.98.114,Web,"Aug 18, 2021, 2:45:36 PM"
73.229.98.114,Web,"Aug 18, 2021, 9:46:01 PM"
73.229.98.114,Web,"Aug 19, 2021, 2:19:34 PM"
73.229.98.114,Web,"Aug 24, 2021, 1:12:44 AM"
73.229.98.114,Web,"Aug 24, 2021, 1:51:28 AM"
73.229.98.114,Web,"Aug 24, 2021, 2:52:47 PM"
73.229.98.114,Web,"Aug 25, 2021, 3:13:31 PM"
73.229.98.114,Web,"Aug 26, 2021, 12:39:27 PM"
73.229.98.114,Web,"Aug 28, 2021, 1:33:37 AM"
73.229.98.114,Web,"Aug 28, 2021, 6:12:03 PM"
73.229.98.114,Web,"Sep 1, 2021, 12:48:28 PM"
73.229.98.114,Web,"Sep 2, 2021, 2:42:19 AM"
73.229.98.114,Web,"Sep 2, 2021, 12:41:46 PM"
73.229.98.114,Web,"Sep 3, 2021, 1:07:56 PM"
73.229.98.114,Web,"Sep 3, 2021, 3:46:15 PM"
130.45.47.166,Web,"Oct 4, 2021, 2:20:24 PM"
130.45.47.166,Web,"Oct 5, 2021, 4:43:12 PM"
130.45.47.166,Web,"Oct 6, 2021, 4:20:56 PM"
130.45.47.166,Web,"Oct 7, 2021, 1:00:21 PM"
130.45.47.166,Web,"Oct 10, 2021, 2:01:51 AM"
130.45.47.166,Web,"Oct 10, 2021, 1:47:43 PM"
130.45.47.166,Web,"Oct 15, 2021, 11:48:31 AM"
130.45.47.166,Web,"Oct 15, 2021, 2:01:44 PM"
130.45.47.166,Web,"Oct 15, 2021, 5:07:07 PM"
130.45.47.166,Web,"Oct 16, 2021, 6:14:10 PM"
130.45.47.166,Web,"Oct 18, 2021, 1:18:43 PM"
130.45.47.166,Web,"Oct 19, 2021, 3:17:02 PM"
130.45.47.166,Web,"Oct 20, 2021, 1:13:38 PM"
130.45.47.166,Web,"Oct 25, 2021, 2:29:36 PM"
130.45.47.166,Web,"Oct 27, 2021, 1:51:48 AM"
130.45.47.166,Web,"Oct 29, 2021, 4:29:14 PM"
130.45.47.166,Web,"Oct 31, 2021, 2:35:22 PM"
130.45.47.166,Web,"Nov 1, 2021, 8:48:54 PM"
130.45.47.166,Web,"Nov 2, 2021, 12:47:07 PM"
130.45.47.166,Web,"Nov 3, 2021, 2:47:59 PM"
130.45.47.166,Web,"Nov 9, 2021, 10:02:09 PM"
130.45.47.166,Web,"Nov 10, 2021, 7:46:51 PM"
130.45.47.166,Web,"Nov 10, 2021, 9:54:50 PM"
130.45.47.166,Web,"Nov 11, 2021, 1:11:55 PM"
130.45.47.166,Web,"Nov 11, 2021, 11:04:57 PM"
130.45.47.166,Web,"Nov 12, 2021, 2:34:14 PM"
130.45.47.166,Web,"Nov 12, 2021, 10:08:20 PM"
130.45.47.166,Web,"Nov 13, 2021, 8:43:24 PM"
130.45.47.166,Web,"Nov 15, 2021, 2:46:43 PM"
130.45.47.166,Web,"Nov 17, 2021, 9:25:14 PM"
130.45.47.166,Web,"Nov 18, 2021, 1:53:56 PM"
130.45.47.166,Web,"Nov 18, 2021, 5:02:52 PM"
130.45.47.166,Web,"Dec 2, 2021, 8:49:00 PM"
130.45.47.166,Web,"Dec 3, 2021, 1:05:27 PM"
130.45.47.166,Web,"Dec 4, 2021, 4:23:47 PM"
130.45.47.166,Web,"Dec 6, 2021, 11:25:07 PM"
130.45.47.166,Web,"Dec 7, 2021, 3:21:44 PM"
130.45.47.166,Web,"Dec 8, 2021, 3:02:12 PM"
130.45.47.166,Web,"Dec 9, 2021, 1:44:27 AM"
130.45.47.166,Web,"Dec 9, 2021, 1:48:16 PM"
130.45.47.166,Web,"Dec 14, 2021, 11:00:34 PM"
130.45.47.166,Web,"Dec 15, 2021, 10:04:01 PM"
130.45.47.166,Web,"Dec 21, 2021, 9:32:14 PM"
130.45.47.166,Web,"Dec 29, 2021, 8:14:56 PM"
130.45.47.166,Web,"Dec 30, 2021, 2:50:41 PM"
130.45.47.166,Web,"Dec 30, 2021, 9:11:15 PM"
130.45.47.166,Web,"Dec 31, 2021, 6:53:04 PM"
130.45.47.166,Web,"Jan 1, 2022, 3:02:28 PM"
130.45.47.166,Web,"Jan 1, 2022, 4:27:31 PM"
130.45.47.166,Web,"Jan 3, 2022, 1:21:25 PM"
130.45.47.166,Web,"Jan 3, 2022, 3:58:18 PM"
130.45.47.166,Web,"Jan 3, 2022, 5:05:36 PM"
130.45.47.166,Web,"Jan 3, 2022, 9:29:43 PM"
130.45.47.166,Web,"Jan 3, 2022, 11:54:37 PM"
130.45.47.166,Web,"Jan 4, 2022, 2:18:29 PM"
130.45.47.166,Web,"Jan 4, 2022, 6:59:59 PM"
130.45.47.166,Web,"Jan 4, 2022, 8:24:11 PM"
130.45.47.166,Web,"Jan 5, 2022, 12:50:51 AM"
130.45.47.166,Web,"Jan 5, 2022, 2:20:05 PM"
130.45.47.166,Web,"Jan 5, 2022, 10:21:08 PM"
130.45.47.166,Web,"Jan 6, 2022, 1:35:28 PM"
130.45.47.166,Web,"Jan 6, 2022, 3:33:12 PM"
130.45.47.166,Web,"Jan 6, 2022, 5:36:04 PM"
130.45.47.166,Web,"Jan 6, 2022, 6:20:37 PM"
130.45.47.166,Web,"Jan 6, 2022, 9:10:08 PM"
130.45.47.166,Web,"Jan 6, 2022, 9:57:37 PM"
130.45.47.166,Web,"Jan 7, 2022, 5:16:29 PM"
130.45.47.166,Web,"Jan 7, 2022, 6:25:11 PM"
130.45.47.166,Web,"Jan 8, 2022, 3:52:37 PM"
130.45.47.166,Web,"Jan 8, 2022, 4:37:58 PM"
130.45.47.166,Web,"Jan 8, 2022, 7:10:24 PM"
130.45.47.166,Web,"Jan 9, 2022, 7:59:55 PM"
130.45.47.166,Web,"Jan 10, 2022, 2:30:20 PM"
130.45.47.166,Web,"Jan 12, 2022, 8:37:18 PM"
130.45.47.166,Web,"Jan 12, 2022, 9:15:07 PM"
130.45.47.166,Web,"Jan 13, 2022, 1:59:33 PM"
130.45.47.166,Web,"Jan 18, 2022, 8:04:03 PM"
130.45.47.166,Web,"Feb 7, 2022, 6:38:02 PM"
130.45.47.166,Web,"Feb 12, 2022, 3:26:39 PM"
130.45.47.166,Web,"Feb 17, 2022, 1:13:46 PM"
130.45.47.166,Web,"Feb 18, 2022, 6:35:01 PM"
130.45.47.166,Web,"Feb 18, 2022, 8:44:03 PM"
130.45.47.166,Web,"Feb 21, 2022, 1:30:54 PM"
130.45.47.166,Web,"Feb 25, 2022, 3:17:10 PM"
130.45.47.166,Web,"Feb 27, 2022, 11:18:57 PM"
130.45.47.166,Web,"Feb 28, 2022, 2:02:22 PM"
130.45.47.166,Web,"Mar 1, 2022, 2:16:30 PM"
130.45.47.166,Web,"Mar 1, 2022, 9:27:18 PM"
130.45.47.166,Web,"Mar 6, 2022, 2:27:32 PM"
130.45.47.166,Web,"Mar 7, 2022, 2:10:20 PM"
130.45.47.166,Web,"Mar 7, 2022, 3:39:01 PM"
130.45.47.166,Web,"Mar 8, 2022, 1:54:13 PM"
130.45.47.166,Web,"Mar 9, 2022, 11:43:44 PM"
130.45.47.166,Web,"Mar 12, 2022, 3:42:05 PM"
130.45.47.166,Web,"Mar 14, 2022, 1:16:53 PM"
130.45.47.166,Web,"Mar 14, 2022, 4:58:52 PM"
130.45.47.166,Web,"Mar 14, 2022, 10:12:19 PM"
130.45.47.166,Web,"Mar 14, 2022, 11:50:26 PM"
130.45.47.166,Web,"Mar 15, 2022, 12:18:47 PM"
130.45.47.166,Web,"Mar 15, 2022, 8:15:16 PM"
130.45.47.166,Web,"Mar 15, 2022, 11:51:43 PM"
130.45.47.166,Web,"Mar 16, 2022, 1:10:39 AM"
130.45.47.166,Web,"Mar 16, 2022, 4:31:18 PM"
130.45.47.166,Web,"Mar 17, 2022, 12:59:45 PM"
130.45.47.166,Web,"Mar 17, 2022, 4:00:40 PM"
130.45.47.166,Web,"Mar 22, 2022, 1:59:15 PM"
130.45.47.166,Web,"Apr 6, 2022, 5:47:41 PM"
130.45.47.166,Web,"Apr 10, 2022, 3:33:19 PM"
130.45.47.166,Web,"Apr 10, 2022, 7:22:48 PM"
130.45.47.166,Web,"Apr 11, 2022, 2:30:36 PM"
130.45.47.166,Web,"Apr 16, 2022, 3:48:24 PM"
130.45.47.166,Web,"Apr 16, 2022, 5:13:59 PM"
130.45.47.166,Web,"Apr 25, 2022, 3:34:21 PM"
130.45.47.166,Web,"Apr 26, 2022, 12:52:30 PM"
130.45.47.166,Web,"Apr 26, 2022, 10:14:48 PM"
130.45.47.166,Web,"Apr 27, 2022, 12:26:23 PM"
130.45.47.166,Web,"Apr 27, 2022, 7:05:26 PM"
130.45.47.166,Web,"Apr 28, 2022, 12:12:01 PM"
130.45.47.166,Web,"May 2, 2022, 12:12:59 AM"
130.45.47.166,Web,"May 2, 2022, 1:59:17 AM"
130.45.47.166,Web,"May 2, 2022, 1:21:44 PM"
130.45.47.166,Web,"May 29, 2022, 11:19:04 PM"
130.45.47.166,Web,"May 30, 2022, 12:21:07 AM"
130.45.47.166,Web,"Jun 2, 2022, 12:26:09 PM"
130.45.47.166,Web,"Jun 6, 2022, 12:30:19 PM"
130.45.47.166,Web,"Jun 12, 2022, 6:05:58 PM"
130.45.47.166,Web,"Jun 12, 2022, 11:54:14 PM"
130.45.47.166,Web,"Jun 13, 2022, 2:08:18 PM"
130.45.47.166,Web,"Jun 19, 2022, 3:38:42 PM"
130.45.47.166,Web,"Jun 20, 2022, 9:18:08 PM"
130.45.47.166,Web,"Jun 21, 2022, 12:04:32 AM"
130.45.47.166,Web,"Jun 28, 2022, 11:38:34 AM"
130.45.47.166,Web,"Jun 30, 2022, 1:19:58 AM"
130.45.47.166,Web,"Jul 8, 2022, 4:40:22 PM"
130.45.47.166,Web,"Jul 10, 2022, 10:03:05 PM"
130.45.47.166,Web,"Jul 11, 2022, 1:06:31 PM"
130.45.47.166,Web,"Jul 11, 2022, 5:43:57 PM"
130.45.47.166,Web,"Jul 11, 2022, 8:51:12 PM"
130.45.47.166,Web,"Jul 12, 2022, 12:10:04 PM"
130.45.41.225,Web,"Jul 20, 2022, 3:57:04 PM"
130.45.47.166,Web,"Jul 22, 2022, 9:39:21 PM"
130.45.47.166,Web,"Jul 23, 2022, 5:28:45 PM"
130.45.47.166,Web,"Aug 3, 2022, 3:12:43 PM"
130.45.47.166,Web,"Aug 4, 2022, 12:07:39 PM"
130.45.47.166,Web,"Aug 5, 2022, 12:09:57 AM"
130.45.47.166,Web,"Aug 8, 2022, 10:19:01 PM"
130.45.47.166,Web,"Aug 9, 2022, 2:01:17 PM"
130.45.47.166,Web,"Aug 9, 2022, 6:10:13 PM"
130.45.47.166,Web,"Aug 22, 2022, 2:11:12 PM"
130.45.47.166,Web,"Aug 22, 2022, 5:15:30 PM"
130.45.47.166,Web,"Aug 26, 2022, 12:31:47 PM"
130.45.47.166,Web,"Aug 26, 2022, 5:39:11 PM"
130.45.47.166,Web,"Aug 30, 2022, 12:36:29 PM"
130.45.47.166,Web,"Aug 31, 2022, 12:38:18 PM"
130.45.47.166,Web,"Sep 14, 2022, 1:30:37 PM"
130.45.47.166,Web,"Sep 16, 2022, 12:24:07 PM"
130.45.47.166,Web,"Sep 26, 2022, 1:31:21 PM"
130.45.47.166,Web,"Sep 29, 2022, 3:05:49 PM"
130.45.47.166,Web,"Sep 29, 2022, 10:31:34 PM"
130.45.47.166,Web,"Sep 30, 2022, 12:01:20 PM"
130.45.47.166,Web,"Oct 2, 2022, 1:44:16 PM"
130.45.47.166,Web,"Oct 2, 2022, 4:06:19 PM"
130.45.47.166,Web,"Oct 2, 2022, 4:54:08 PM"
130.45.47.166,Web,"Oct 2, 2022, 10:04:45 PM"
130.45.47.166,Web,"Oct 2, 2022, 10:43:42 PM"
130.45.47.166,Web,"Oct 3, 2022, 12:24:51 AM"
130.45.47.166,Web,"Oct 3, 2022, 12:36:25 PM"
130.45.47.166,Web,"Oct 5, 2022, 3:11:36 AM"
130.45.47.166,Web,"Oct 5, 2022, 12:58:56 PM"
130.45.47.166,Web,"Oct 6, 2022, 12:36:48 AM"
130.45.47.166,Web,"Oct 6, 2022, 1:28:02 AM"
130.45.47.166,Web,"Oct 6, 2022, 12:37:06 PM"
130.45.47.166,Web,"Oct 6, 2022, 3:31:51 PM"
66.31.245.209,Web,"Oct 7, 2022, 3:45:34 PM"
66.31.245.209,Web,"Oct 7, 2022, 5:01:03 PM"
130.45.47.166,Web,"Oct 9, 2022, 9:58:24 PM"
130.45.47.166,Web,"Oct 10, 2022, 12:59:18 PM"
130.45.47.166,Web,"Oct 10, 2022, 8:42:30 PM"
130.45.47.166,Web,"Oct 11, 2022, 1:45:10 PM"
130.45.47.166,Web,"Oct 14, 2022, 8:11:46 PM"
130.45.47.166,Web,"Oct 15, 2022, 8:00:35 PM"
130.45.47.166,Web,"Oct 16, 2022, 4:54:02 PM"
130.45.47.166,Web,"Oct 18, 2022, 3:10:22 PM"
130.45.47.166,Web,"Oct 19, 2022, 9:10:03 PM"
130.45.47.166,Web,"Oct 20, 2022, 2:30:42 PM"
130.45.47.166,Web,"Oct 24, 2022, 2:35:10 PM"
130.45.47.166,Web,"Oct 24, 2022, 8:02:14 PM"
130.45.47.166,Web,"Oct 25, 2022, 3:51:13 PM"
130.45.47.166,Web,"Oct 27, 2022, 1:06:02 PM"
130.45.47.166,Web,"Oct 28, 2022, 12:37:35 PM"
130.45.47.166,Web,"Oct 29, 2022, 2:58:39 PM"
130.45.47.166,Web,"Oct 30, 2022, 2:59:31 AM"
130.45.47.166,Web,"Oct 31, 2022, 1:57:50 PM"
130.45.47.166,Web,"Oct 31, 2022, 10:10:46 PM"
130.45.47.166,Web,"Nov 1, 2022, 1:05:56 PM"
130.45.47.166,Web,"Nov 2, 2022, 12:43:53 PM"
130.45.47.166,Web,"Nov 5, 2022, 3:33:00 AM"
130.45.47.166,Web,"Nov 6, 2022, 7:24:28 PM"
130.45.47.166,Web,"Nov 7, 2022, 2:51:00 PM"
130.45.47.166,Web,"Nov 8, 2022, 11:18:15 PM"
130.45.47.166,Web,"Nov 9, 2022, 10:37:12 PM"
130.45.47.166,Web,"Nov 10, 2022, 1:25:33 PM"
130.45.47.166,Web,"Nov 12, 2022, 6:06:03 PM"
130.45.47.166,Web,"Nov 12, 2022, 9:28:00 PM"
130.45.47.166,Web,"Nov 12, 2022, 9:48:41 PM"
130.45.47.166,Web,"Nov 13, 2022, 2:06:07 PM"
130.45.47.166,Web,"Nov 14, 2022, 3:59:40 AM"
130.45.47.166,Web,"Nov 14, 2022, 2:12:11 PM"
130.45.47.166,Web,"Nov 14, 2022, 11:52:08 PM"
130.45.47.166,Web,"Nov 17, 2022, 2:37:29 PM"
130.45.47.166,Web,"Nov 22, 2022, 2:48:10 PM"
130.45.47.166,Web,"Dec 1, 2022, 2:56:24 PM"
130.45.47.166,Web,"Dec 6, 2022, 9:00:07 PM"
130.45.47.166,Web,"Dec 9, 2022, 1:35:17 PM"
130.45.47.166,Web,"Dec 10, 2022, 6:10:42 PM"
130.45.47.166,Web,"Dec 12, 2022, 1:33:39 PM"
130.45.47.166,Web,"Dec 13, 2022, 2:13:19 PM"
130.45.47.166,Web,"Dec 13, 2022, 9:44:11 PM"
130.45.47.166,Web,"Dec 17, 2022, 4:32:30 PM"
130.45.47.166,Web,"Dec 31, 2022, 9:41:52 PM"
130.45.47.166,Web,"Jan 6, 2023, 7:46:06 PM"
130.45.47.166,Web,"Jan 9, 2023, 2:56:36 PM"
130.45.47.166,Web,"Jan 9, 2023, 6:12:27 PM"
130.45.47.166,Web,"Jan 9, 2023, 11:57:15 PM"
130.45.47.166,Web,"Jan 13, 2023, 3:36:57 PM"
130.45.47.166,Web,"Jan 16, 2023, 9:10:29 PM"
130.45.47.166,Web,"Jan 17, 2023, 3:15:27 PM"
130.45.47.166,Web,"Jan 18, 2023, 2:05:48 PM"
130.45.47.166,Web,"Jan 19, 2023, 2:54:33 PM"
130.45.47.166,Web,"Jan 19, 2023, 3:52:44 PM"
130.45.47.166,Web,"Jan 19, 2023, 6:49:39 PM"
130.45.47.166,Web,"Jan 20, 2023, 12:53:09 AM"
130.45.47.166,Web,"Jan 20, 2023, 2:54:30 PM"
130.45.47.166,Web,"Jan 22, 2023, 3:16:41 PM"
130.45.47.166,Web,"Jan 23, 2023, 9:53:35 PM"
130.45.47.166,Web,"Jan 24, 2023, 2:44:17 PM"
130.45.47.166,Web,"Jan 25, 2023, 2:59:04 PM"
130.45.47.166,Web,"Jan 26, 2023, 2:50:34 AM"
130.45.47.166,Web,"Feb 3, 2023, 12:42:12 AM"
130.45.47.166,Web,"Feb 6, 2023, 3:15:48 PM"
130.45.47.166,Web,"Feb 13, 2023, 2:21:58 PM"
130.45.47.166,Web,"Feb 18, 2023, 2:58:03 AM"
130.45.47.166,Web,"Feb 23, 2023, 1:48:23 PM"
130.45.47.166,Web,"Feb 27, 2023, 11:21:53 PM"
130.45.47.166,Web,"Mar 1, 2023, 6:48:39 PM"
130.45.47.166,Web,"Mar 6, 2023, 2:20:56 PM"
130.45.47.166,Web,"Mar 6, 2023, 10:49:19 PM"
130.45.47.166,Web,"Mar 13, 2023, 9:14:06 PM"
130.45.47.166,Web,"Mar 16, 2023, 11:14:42 PM"
130.45.47.166,Web,"Mar 19, 2023, 3:04:45 PM"
130.45.47.166,Web,"Mar 20, 2023, 7:58:19 PM"
130.45.47.166,Web,"Mar 21, 2023, 9:43:32 PM"
130.45.47.166,Web,"Mar 29, 2023, 4:56:09 PM"
130.45.47.166,Web,"Mar 30, 2023, 12:05:29 PM"
68.207.29.80,Web,"Mar 30, 2023, 7:45:06 PM"
68.207.29.80,Web,"Mar 30, 2023, 10:23:45 PM"
130.45.47.166,Web,"Mar 31, 2023, 2:48:57 AM"
130.45.47.166,Web,"Apr 3, 2023, 6:59:14 PM"
130.45.47.166,Web,"Apr 3, 2023, 10:33:10 PM"
130.45.47.166,Web,"Apr 4, 2023, 7:59:12 PM"
130.45.47.166,Web,"Apr 6, 2023, 1:48:23 AM"
130.45.47.166,Web,"Apr 8, 2023, 2:05:34 PM"
130.45.47.166,Web,"Apr 12, 2023, 12:40:06 AM"
130.45.47.166,Web,"Apr 12, 2023, 12:42:17 PM"
130.45.47.166,Web,"Apr 12, 2023, 1:04:17 PM"
130.45.47.166,Web,"Apr 13, 2023, 2:06:18 AM"
130.45.47.166,Web,"Apr 13, 2023, 2:27:47 AM"
130.45.47.166,Web,"Apr 14, 2023, 2:26:26 PM"
130.45.47.166,Web,"Apr 14, 2023, 3:30:56 PM"
130.45.47.166,Web,"Apr 14, 2023, 3:41:47 PM"
130.45.47.166,Web,"Apr 14, 2023, 4:13:44 PM"
130.45.47.166,Web,"Apr 14, 2023, 4:32:21 PM"
130.45.47.166,Web,"Apr 14, 2023, 5:47:14 PM"
130.45.47.166,Web,"Apr 14, 2023, 7:15:28 PM"
130.45.47.166,Web,"Apr 14, 2023, 7:34:39 PM"
130.45.47.166,Web,"Apr 16, 2023, 2:12:54 PM"
130.45.47.166,Web,"Apr 16, 2023, 2:58:46 PM"
130.45.47.166,Web,"Apr 17, 2023, 12:17:48 AM"
130.45.47.166,Web,"Apr 17, 2023, 1:14:57 PM"
130.45.47.166,Web,"Apr 17, 2023, 1:53:40 PM"
130.45.47.166,Web,"Apr 17, 2023, 2:39:18 PM"
130.45.47.166,Web,"Apr 17, 2023, 6:20:52 PM"
130.45.47.166,Web,"Apr 19, 2023, 4:13:37 AM"
130.45.47.166,Web,"Apr 19, 2023, 12:49:52 PM"
130.45.47.166,Web,"Apr 19, 2023, 9:31:52 PM"
130.45.47.166,Web,"Apr 26, 2023, 1:10:57 PM"
130.45.47.166,Web,"Apr 27, 2023, 2:55:52 PM"
130.45.47.166,Web,"May 10, 2023, 6:37:55 PM"
130.45.47.166,Web,"May 10, 2023, 11:49:55 PM"
130.45.47.166,Web,"Jun 19, 2023, 3:10:13 PM"
130.45.47.166,Web,"Aug 7, 2023, 4:10:46 PM"
